,자동차검사소유형,위치,검사기술인력수,위도,경도,신규검사여부,정기검사여부,튜닝검사여부,임시검사여부,수리검사여부,배출가스정밀검사여부,택시미터검정여부
0,민간,대전광역시,3,36.36607482,127.4088055,Y,Y,N,N,N,Y,Y
1,민간,대전광역시,4,36.37210705,127.4208051,Y,Y,N,N,N,Y,Y
2,민간,대전광역시,3,36.34826809,127.41495079999999,Y,Y,N,N,N,Y,Y
3,민간,경상북도,0,36.04292493,129.3474568,N,Y,N,N,N,Y,N
4,민간,경상북도,0,36.10302439,129.3715925,Y,Y,N,Y,N,Y,Y
5,민간,경상북도,0,35.99999311,129.3603881,N,Y,N,Y,N,Y,Y
6,민간,경상북도,0,35.99376275,129.3561965,Y,Y,N,Y,Y,Y,N
7,민간,경상북도,0,36.07759694,129.379476,Y,Y,N,N,N,Y,N
8,민간,경상북도,0,36.09719146,129.36854590000002,N,Y,N,N,N,Y,N
9,민간,경상북도,0,36.14425892,129.34967179999998,N,Y,N,Y,N,Y,N
10,민간,경상북도,0,35.99966537,129.36128390000002,N,Y,N,Y,N,Y,N
11,민간,경상북도,0,36.08394908,129.331292,Y,Y,Y,Y,Y,Y,Y
12,민간,전라남도,2,35.26590618,127.12143190000002,Y,Y,Y,N,N,N,N
13,민간,경상북도,1,36.13209554,128.1327771,N,Y,N,N,N,N,N
14,민간,경상북도,1,36.1431832,128.11938179999999,N,Y,N,N,N,N,N
15,민간,경상북도,1,36.15459087,128.1161005,N,Y,N,N,N,N,N
16,민간,경상북도,1,36.11214541,128.1234235,N,Y,N,N,N,N,N
17,민간,경상북도,1,36.12796572,128.1130517,N,Y,N,N,N,N,N
18,민간,경상북도,1,36.13471849,128.18463300000002,N,Y,N,N,N,N,N
19,민간,경상북도,1,36.12911133,128.13349399999998,N,Y,N,N,N,N,N
20,민간,경상북도,1,36.14562485,128.12369650000002,N,Y,N,N,N,N,N
21,민간,경상북도,1,36.16232246,128.2585189,N,Y,N,N,N,N,N
22,민간,경상북도,1,36.59309689,128.20922099999999,N,Y,N,N,N,N,N
23,민간,경상북도,1,36.58237607,128.1949584,N,Y,N,N,N,N,N
24,민간,경상북도,1,36.596551500000004,128.18783090000002,N,Y,N,N,N,N,N
25,민간,경상북도,1,36.71475544,128.1216378,N,Y,N,N,N,N,N
26,민간,경상북도,1,36.63610695,128.1721301,N,Y,N,N,N,N,N
27,민간,경상북도,1,36.58665006,128.199098,N,Y,N,N,N,N,N
28,민간,경상북도,1,36.58266728,128.2238308,N,Y,N,N,N,N,N
29,민간,서울특별시,2,37.48248663,126.9455949,N,Y,N,N,N,Y,Y
30,민간,강원특별자치도,2,37.16809024,128.9920094,Y,Y,N,N,N,N,N
31,민간,강원특별자치도,1,37.17917939,128.9749736,Y,Y,N,N,N,N,N
32,민간,서울특별시,0,37.504433,127.04494509999999,Y,Y,Y,N,N,Y,N
33,민간,경상북도,0,36.05904768,129.3461386,Y,Y,Y,Y,Y,Y,Y
34,민간,경상북도,0,35.99089312,129.4077027,N,Y,N,N,Y,Y,Y
35,민간,경상북도,0,36.12255954,129.3413091,N,Y,N,N,Y,Y,Y
36,민간,경상북도,1,36.124685,128.082138,N,Y,N,N,N,N,N
37,민간,전라북도,1,35.91544922,126.9818169,N,Y,N,N,N,N,Y
38,민간,전라북도,1,35.97193108,127.0271621,N,Y,N,N,N,N,Y
39,민간,전라북도,1,35.91932782,126.9795824,N,Y,N,N,N,N,Y
40,민간,전라북도,1,35.94457516,127.00331899999999,N,Y,N,N,N,N,Y
41,민간,전라북도,1,35.92563006,126.966778,N,Y,N,N,N,N,Y
42,민간,전라북도,1,35.96484218,126.97007659999998,N,Y,N,N,N,N,Y
43,민간,전라북도,1,35.96383965,126.947978,N,Y,N,N,N,N,Y
44,민간,전라북도,1,35.995430799999994,126.9503031,N,Y,N,N,N,N,Y
45,민간,전라북도,2,35.96944029,126.97844750000002,N,Y,N,N,N,Y,Y
46,민간,경기도,3,37.73357417,127.04895079999999,N,Y,N,N,N,Y,Y
47,민간,강원특별자치도,3,38.16365277,127.31542160000001,Y,Y,N,Y,Y,N,N
48,민간,강원특별자치도,2,38.21048035,127.22287539999999,Y,Y,N,N,Y,N,Y
49,민간,강원특별자치도,1,38.24452826,127.44477179999998,N,Y,N,N,N,N,Y
50,민간,강원특별자치도,1,38.18168208,127.32357759999998,Y,Y,N,N,N,N,N
51,민간,경상북도,0,36.64372796,128.4546357,N,N,N,N,N,N,N
52,민간,경상북도,4,36.66049065,128.483505,N,Y,N,Y,N,N,N
53,민간,경기도,0,36.972986,127.105297,Y,Y,N,Y,N,Y,Y
54,민간,경기도,0,36.984696,126.871682,Y,Y,N,Y,N,Y,Y
55,민간,경기도,0,37.052651000000004,127.078666,Y,Y,N,Y,N,Y,Y
56,민간,경기도,0,37.0502330428,126.9735991163,Y,Y,N,Y,N,Y,Y
57,민간,경기도,0,36.990396000000004,126.85785600000001,Y,Y,N,Y,N,Y,Y
58,민간,강원특별자치도,2,37.178670399999994,128.47417109999998,Y,Y,N,Y,N,Y,Y
59,민간,강원특별자치도,3,37.1840232,128.482622,N,Y,N,N,N,N,Y
60,민간,경기도,0,37.21770544,126.7290107,N,Y,N,N,N,Y,N
61,민간,대전광역시,3,36.34407374,127.35397350000001,Y,Y,N,N,N,Y,Y
62,민간,대전광역시,3,36.30762248,127.3707416,Y,Y,N,N,N,Y,Y
63,민간,대전광역시,3,36.305854,127.36991200000001,Y,Y,N,N,N,Y,Y
64,민간,대전광역시,3,36.30158586,127.3270612,Y,Y,N,N,N,Y,Y
65,민간,대전광역시,3,36.301953999999995,127.3301133,Y,Y,N,N,N,Y,Y
66,민간,대전광역시,4,36.301049600000006,127.325429,Y,Y,N,N,N,Y,Y
67,민간,대전광역시,3,36.3684909,127.4179108,Y,Y,N,N,N,Y,Y
68,민간,대전광역시,3,36.44502852,127.4075284,Y,Y,N,N,N,Y,Y
69,민간,경상북도,1,36.13446079,128.0334636,N,Y,N,N,N,N,N
70,민간,경상북도,1,36.11509138,128.157771,N,Y,N,N,N,N,N
71,민간,경상북도,1,36.1133484,128.1616948,N,Y,N,N,N,N,N
72,민간,경상북도,1,36.115077,128.1550033,N,Y,N,N,N,N,N
73,민간,경상남도,1,35.15462917,128.0835827,N,Y,N,N,N,N,Y
74,민간,경상남도,1,35.17337256,128.11341389999998,N,Y,N,N,N,N,Y
75,민간,인천광역시,0,37.46357122,126.63791770000002,N,Y,N,Y,N,Y,Y
76,민간,인천광역시,0,37.45159276,126.60325139999999,N,Y,N,Y,N,Y,Y
77,민간,인천광역시,0,37.43790906,126.6186115,N,Y,N,Y,N,Y,Y
78,민간,인천광역시,0,37.51242367,126.5042017,N,Y,N,Y,N,Y,Y
79,민간,인천광역시,0,37.43749156,126.62021709999999,N,Y,N,Y,N,Y,Y
80,민간,인천광역시,0,37.47973379,126.4519723,N,Y,N,Y,N,Y,N
81,민간,인천광역시,0,37.4365879,126.62406750000001,N,Y,N,Y,N,N,N
82,민간,인천광역시,0,37.43890375,126.6205351,N,Y,N,Y,N,Y,Y
83,민간,전라북도,1,35.40557775,127.3839991,N,Y,N,N,Y,N,Y
84,민간,충청남도,6,36.77355161,126.4439601,N,Y,N,N,N,Y,Y
85,민간,충청남도,4,36.78147112,126.49739720000001,N,Y,N,N,N,Y,Y
86,민간,충청남도,3,36.90822802,126.4407145,N,Y,N,N,N,Y,Y
87,민간,충청남도,2,36.76188865,126.4535791,N,Y,N,N,N,Y,Y
88,민간,충청남도,3,36.79160323,126.50534950000001,N,Y,N,N,N,Y,Y
89,민간,충청남도,4,36.83184426,126.44229109999999,N,Y,N,N,N,Y,Y
90,민간,충청남도,2,36.75200904,126.49962190000001,N,Y,N,N,N,Y,Y
91,민간,충청남도,3,36.69873874,126.5413179,N,Y,N,N,N,Y,Y
92,민간,충청남도,3,36.75822584,126.4502761,N,Y,N,N,N,Y,Y
93,민간,충청남도,3,36.91413925,126.44183159999999,N,Y,N,N,N,Y,Y
94,민간,충청남도,2,36.77102126,126.4357785,N,Y,N,N,N,Y,Y
95,민간,충청남도,3,36.75368012,126.4943513,N,Y,N,N,N,Y,Y
96,민간,경상남도,1,35.175306,128.118653,N,Y,N,N,N,N,Y
97,민간,경상남도,1,35.154713,128.079252,N,Y,N,N,N,N,Y
98,민간,경상남도,1,35.15465279,128.079779,N,Y,N,N,N,N,Y
99,민간,경상남도,1,35.182919,128.122771,N,Y,N,N,N,N,Y
100,민간,경상남도,1,35.183883,128.122784,N,Y,N,N,N,N,Y
101,민간,경상남도,1,35.169065,128.112068,N,Y,N,N,N,N,Y
102,민간,경상남도,1,35.120529,128.10026100000002,N,Y,N,N,N,N,Y
103,민간,경상남도,1,35.171099,128.105309,N,Y,N,N,N,N,Y
104,민간,경상남도,1,35.17069766,128.10681200000002,N,Y,N,N,N,N,Y
105,민간,경상남도,1,35.170627,128.109216,N,Y,N,N,N,N,Y
106,민간,경상남도,1,35.15618682,128.0649295,N,Y,N,N,N,N,Y
107,민간,대전광역시,3,36.32502563,127.43700700000001,Y,Y,N,N,N,Y,Y
108,민간,대전광역시,3,36.29593969,127.4590035,Y,Y,N,N,N,Y,Y
109,민간,대전광역시,3,36.291641,127.46228500000001,Y,Y,N,N,N,Y,Y
110,민간,대전광역시,3,36.28870783,127.4648074,Y,Y,N,N,N,Y,Y
111,민간,대전광역시,4,36.31136324,127.38807620000001,Y,Y,N,N,N,Y,Y
112,민간,대전광역시,3,36.34751498,127.4054199,Y,Y,N,N,N,Y,Y
113,민간,대전광역시,3,36.31468220000001,127.43446429999999,Y,Y,N,N,N,Y,Y
114,민간,대전광역시,3,36.34340913,127.38022820000002,Y,Y,N,N,N,Y,Y
115,민간,대전광역시,3,36.339667999999996,127.373205,Y,Y,N,N,N,Y,Y
116,민간,대전광역시,4,36.34722417,127.35400109999999,Y,Y,N,N,N,Y,Y
117,민간,대전광역시,3,36.32467621,127.37771380000001,Y,Y,N,N,N,Y,Y
118,민간,대전광역시,4,36.33745834,127.39121750000001,Y,Y,N,N,N,Y,Y
119,민간,대전광역시,3,36.36203256,127.305578,Y,Y,N,N,N,Y,Y
120,민간,대전광역시,3,36.26859064,127.4719618,Y,Y,N,N,N,Y,Y
121,민간,대전광역시,3,36.323093,127.471814,Y,Y,N,N,N,Y,Y
122,민간,대전광역시,3,36.323686,127.37789950000001,Y,Y,N,N,N,Y,Y
123,민간,부산광역시,0,35.18225698,129.199556,Y,Y,N,Y,Y,Y,Y
124,민간,부산광역시,0,35.20510328,129.1215421,Y,Y,N,Y,Y,Y,Y
125,민간,부산광역시,0,35.20494676,129.1205238,Y,Y,N,Y,Y,Y,Y
126,민간,부산광역시,0,35.18385095,129.2005696,Y,Y,N,Y,Y,Y,Y
127,민간,부산광역시,0,35.18389948,129.1189968,Y,Y,N,Y,Y,Y,Y
128,민간,경기도,3,37.7621399,126.7657187,N,Y,N,N,Y,Y,Y
129,민간,경기도,5,37.85792381,126.79635729999998,N,Y,N,N,N,Y,Y
130,민간,경기도,0,37.723585799999995,126.69995159999998,N,Y,N,N,N,Y,Y
131,민간,경기도,4,37.76190832,126.76786200000001,N,Y,N,N,N,Y,Y
132,민간,대전광역시,4,36.37781545,127.411974,Y,Y,N,N,N,Y,Y
133,민간,대전광역시,3,36.44329001,127.433499,Y,Y,N,N,N,Y,Y
134,민간,대전광역시,3,36.38351398,127.4243929,Y,Y,N,N,N,Y,Y
135,민간,대전광역시,2,36.37675982,127.410698,Y,Y,N,N,N,Y,Y
136,민간,대전광역시,3,36.431589,127.424182,Y,Y,N,N,N,Y,Y
137,민간,대전광역시,3,36.44436152,127.4331607,Y,Y,N,N,N,Y,Y
138,민간,대전광역시,3,36.39144012,127.4132362,Y,Y,N,N,N,Y,Y
139,민간,대전광역시,4,36.36884941,127.419463,Y,Y,N,N,N,Y,Y
140,민간,대전광역시,2,36.444431,127.4056988,Y,Y,N,N,N,Y,Y
141,공공,대전광역시,9,36.32484117,127.377932,Y,Y,Y,Y,Y,Y,Y
142,공공,대전광역시,7,36.44704811,127.40511629999999,Y,Y,Y,Y,Y,Y,Y
143,공공,대전광역시,5,36.346222,127.35502140000001,Y,Y,Y,Y,Y,Y,Y
144,민간,대전광역시,3,36.31994416,127.4699639,Y,Y,N,N,N,Y,Y
145,민간,대전광역시,3,36.349588,127.439805,Y,Y,N,N,N,Y,Y
146,민간,경기도,3,37.72437451,126.701624,N,Y,N,N,N,Y,Y
147,민간,경기도,3,37.75552179,126.8012763,N,Y,N,N,N,Y,Y
148,민간,경기도,3,37.81236016,126.7825403,N,Y,N,N,N,Y,Y
149,민간,경기도,2,37.8101254,126.8218517,N,Y,N,N,N,Y,Y
150,민간,경기도,3,37.77834538,126.788844,N,Y,N,N,N,Y,Y
151,민간,경기도,3,37.81543295,126.7689058,N,Y,N,N,N,Y,Y
152,민간,경기도,2,37.77200233,126.721975,N,Y,N,N,N,Y,Y
153,민간,경기도,4,37.74837564,126.74973680000001,N,Y,N,N,N,Y,Y
154,민간,경기도,3,37.7042830485,126.72670600000001,N,Y,N,N,N,Y,Y
155,민간,부산광역시,4,35.09034247,129.0238917,N,Y,N,Y,N,Y,Y
156,민간,인천광역시,19,37.525261,126.740393,N,Y,N,Y,N,N,N
157,민간,인천광역시,11,37.525744,126.740654,N,Y,N,Y,N,N,N
158,민간,인천광역시,0,37.51708022,126.7085084,N,Y,N,Y,N,Y,Y
159,민간,인천광역시,0,37.51659292,126.70572890000001,N,Y,N,Y,N,Y,Y
160,민간,인천광역시,0,37.5234995,126.7160203,N,Y,N,Y,N,Y,Y
161,민간,인천광역시,0,37.51747629,126.7318953,N,Y,N,Y,N,Y,Y
162,민간,인천광역시,0,37.51148052,126.7213976,N,Y,N,Y,N,Y,Y
163,민간,인천광역시,0,37.52218496,126.70565309999999,N,Y,N,Y,N,Y,Y
164,민간,인천광역시,0,37.47826314,126.6913858,N,Y,N,Y,N,Y,Y
165,민간,인천광역시,0,37.52216553,126.6937217,N,Y,N,Y,N,N,Y
166,민간,인천광역시,0,37.52526136,126.7403933,N,Y,N,Y,N,Y,Y
167,민간,인천광역시,0,37.52574359,126.74068909999998,N,Y,N,Y,N,Y,Y
168,민간,경기도,0,37.08134909,126.80993090000001,N,Y,N,N,N,Y,Y
169,민간,경기도,0,37.21882632,126.97800819999999,N,Y,N,N,N,Y,Y
170,민간,경기도,0,37.16235494,126.89802490000001,N,Y,N,N,N,Y,Y
171,민간,경기도,0,37.20242225,126.8623443,N,Y,N,N,N,Y,N
172,민간,경기도,0,37.21091854,126.73843909999998,N,Y,N,N,N,Y,N
173,민간,경기도,0,37.0639238,126.79403740000001,N,Y,N,N,N,Y,N
174,민간,경기도,0,37.16129606,126.9812898,N,Y,N,N,N,Y,Y
175,민간,경기도,0,37.13978842,126.90270430000001,N,Y,N,N,N,Y,Y
176,민간,경기도,0,37.20512179,126.78532870000001,N,Y,N,N,N,Y,Y
177,민간,경기도,0,37.22412516,126.8525100232,N,Y,N,N,N,Y,N
178,민간,경기도,0,37.21039819,126.9844269,N,Y,N,N,N,Y,Y
179,민간,경기도,0,37.2166900103,126.8198888801,N,Y,N,N,N,Y,Y
180,민간,경기도,0,37.12810423,126.8510483,N,Y,N,N,N,Y,Y
181,민간,경기도,0,37.0961166,126.94036809999999,N,Y,N,N,N,Y,Y
182,민간,경기도,0,37.08412979999999,126.8487686,N,Y,N,N,N,Y,Y
183,민간,경기도,0,37.1539516,126.93165890000002,N,Y,N,N,N,Y,N
184,민간,경기도,0,37.08617875,126.9073037,N,Y,N,N,N,Y,N
185,민간,경기도,0,37.21794275,127.05517900000001,N,Y,N,N,N,Y,Y
186,민간,경기도,0,37.09790379,126.9403881,N,Y,N,N,N,Y,N
187,민간,강원특별자치도,2,37.298944,127.796268,N,Y,N,N,N,N,N
188,민간,강원특별자치도,3,37.362072999999995,127.915504,N,Y,N,N,N,Y,Y
189,민간,강원특별자치도,3,37.308797999999996,127.92748700000001,Y,Y,N,Y,Y,Y,Y
190,민간,강원특별자치도,3,37.296535999999996,127.79323400000001,N,Y,N,N,N,Y,Y
191,민간,강원특별자치도,3,37.357763,127.927967,N,Y,N,Y,N,Y,Y
192,민간,강원특별자치도,2,37.360986,127.906131,N,Y,N,N,N,Y,Y
193,민간,강원특별자치도,3,37.34496,127.97742,N,Y,N,N,N,Y,Y
194,민간,강원특별자치도,3,37.337931,127.98466299999998,N,Y,N,N,N,Y,Y
195,민간,인천광역시,0,37.52576666,126.70408400000001,N,Y,N,Y,N,Y,Y
196,민간,인천광역시,0,37.47825904,126.68078799999999,N,Y,N,Y,N,Y,Y
197,민간,인천광역시,0,37.48959093,126.6538619,N,Y,N,Y,N,Y,Y
198,민간,인천광역시,0,37.49036314,126.6637371,N,Y,N,Y,N,Y,Y
199,민간,인천광역시,0,37.50033388,126.66095320000001,N,Y,N,Y,N,Y,Y
200,민간,인천광역시,0,37.50958348,126.6719344,N,Y,N,Y,N,Y,Y
201,민간,인천광역시,0,37.50330004,126.66283159999999,N,Y,N,Y,N,Y,Y
202,민간,인천광역시,0,37.59292542,126.6571747,N,Y,N,Y,N,Y,Y
203,민간,인천광역시,0,37.58253895,126.6590242,N,Y,N,Y,N,Y,N
204,민간,충청북도,3,36.97745528,128.3448483,N,Y,N,N,N,Y,Y
205,민간,경기도,0,37.042086,127.065513,Y,Y,N,Y,N,Y,Y
206,민간,경기도,0,36.990056,126.85843500000001,Y,Y,N,Y,N,Y,Y
207,민간,경기도,0,37.024673,127.07987800000001,Y,Y,N,Y,N,Y,Y
208,민간,경기도,0,36.996682,126.928723,Y,Y,N,Y,N,Y,Y
209,민간,경기도,0,37.006468,127.135699,Y,Y,N,Y,N,Y,Y
210,민간,경기도,0,37.009673,126.87284,Y,Y,N,Y,N,Y,Y
211,민간,경기도,0,37.073298,127.05546799999999,Y,Y,N,Y,N,Y,Y
212,민간,경기도,0,36.955358000000004,126.850545,Y,Y,N,Y,N,Y,N
213,민간,경기도,0,37.028881,127.098978,Y,Y,N,Y,N,Y,Y
214,민간,강원특별자치도,1,37.7188766206,128.1798179052,N,Y,N,N,N,N,N
215,민간,강원특별자치도,1,37.611564957199995,127.76902087,N,Y,N,N,N,N,N
216,민간,전라북도,1,35.94302867,126.9996453,N,Y,N,N,N,N,Y
217,민간,전라북도,1,35.92824825,126.94876299999999,N,Y,N,N,N,N,Y
218,민간,전라북도,1,35.92846053,126.94800819999999,N,Y,N,N,N,N,Y
219,민간,전라북도,1,36.06899854,126.9672709,N,Y,N,N,N,N,Y
220,민간,전라북도,1,35.94311165,126.9343311,N,Y,N,N,N,N,Y
221,민간,전라북도,1,35.928531,126.94969240000002,N,Y,N,N,N,N,Y
222,민간,전라북도,1,35.950533,126.97201059999999,N,Y,N,N,N,N,Y
223,민간,전라북도,1,35.95095966,126.9708267,N,Y,N,N,N,N,Y
224,민간,전라북도,1,35.966015000000006,126.9821379,N,Y,N,N,N,N,Y
225,민간,전라남도,1,35.28169278,126.48667879999999,N,Y,N,N,N,N,N
226,민간,강원특별자치도,1,37.357914,127.90045400000001,N,Y,N,N,N,N,N
227,민간,강원특별자치도,1,37.682691667600004,127.8593396843,N,Y,N,N,N,N,Y
228,민간,강원특별자치도,4,37.6828779154,127.8598435796,N,Y,N,N,N,N,Y
229,민간,강원특별자치도,1,37.6937094799,127.9074682958,N,Y,N,N,N,N,Y
230,민간,강원특별자치도,1,37.70235625,127.8825048217,N,Y,N,N,N,N,Y
231,민간,강원특별자치도,1,37.7045767082,127.8792512749,N,Y,N,N,N,N,Y
232,민간,전라북도,1,35.98776703,127.63102140000001,N,Y,N,Y,N,Y,Y
233,민간,전라북도,1,35.95105047,127.664695,N,Y,N,Y,N,Y,Y
234,민간,인천광역시,8,37.525767,126.70408400000001,N,Y,N,N,N,N,Y
235,민간,서울특별시,4,37.59886812,127.09332420000001,N,Y,N,Y,N,Y,Y
236,민간,서울특별시,4,37.503648600000005,126.8615908,N,Y,N,N,N,Y,Y
237,민간,서울특별시,4,37.48215178,126.887403,N,Y,N,N,N,Y,Y
238,민간,서울특별시,3,37.503541,126.873731,N,Y,N,N,N,Y,Y
239,민간,강원특별자치도,1,37.42849756,129.18563659999998,N,Y,N,N,N,N,Y
240,민간,강원특별자치도,2,37.45388506,129.17773789999998,N,Y,N,N,N,N,Y
241,민간,강원특별자치도,1,37.18264517,129.3275609,N,Y,N,N,N,N,N
242,민간,경상남도,4,34.88258181,127.8843604,Y,Y,N,N,N,N,Y
243,민간,경상남도,5,34.8268977,127.91239309999999,Y,Y,N,N,N,N,Y
244,민간,경상남도,5,34.830666,127.9103717,Y,Y,N,N,N,N,Y
245,민간,전라남도,1,35.21732334,127.4624660566,N,Y,N,N,N,Y,Y
246,민간,전라남도,1,35.210015984,127.4713985065,N,Y,N,N,N,Y,Y
247,민간,강원특별자치도,1,37.42849756,129.18563659999998,N,Y,N,N,N,N,Y
248,민간,강원특별자치도,2,37.45388506,129.17773789999998,N,Y,N,N,N,N,Y
249,민간,강원특별자치도,1,37.18264517,129.3275609,N,Y,N,N,N,N,N
250,민간,강원특별자치도,3,37.6720787351,127.85412720139999,N,Y,N,N,N,N,Y
251,민간,강원특별자치도,9,37.6820272681,127.8543725386,N,Y,N,N,N,N,Y
252,민간,강원특별자치도,1,37.6241399294,127.7727783056,N,Y,N,N,N,N,N
253,민간,강원특별자치도,3,37.6720787351,127.85412720139999,N,Y,N,N,N,N,Y
254,민간,강원특별자치도,9,37.6820272681,127.8543725386,N,Y,N,N,N,N,Y
255,민간,강원특별자치도,1,37.6241399294,127.7727783056,N,Y,N,N,N,N,N
256,민간,인천광역시,0,37.58911578,126.65029720000001,N,Y,N,Y,N,Y,Y
257,민간,인천광역시,0,37.47935346,126.6896033,N,Y,N,Y,N,Y,Y
258,민간,인천광역시,0,37.50066056,126.66384690000001,N,Y,N,Y,N,Y,Y
259,민간,인천광역시,0,37.59263635,126.6150524,N,Y,N,Y,N,Y,Y
260,민간,인천광역시,0,37.58952745,126.65817450000002,N,Y,N,Y,N,Y,Y
261,민간,인천광역시,0,37.520151500000004,126.66121470000002,N,Y,N,Y,N,Y,Y
262,민간,인천광역시,0,37.50960191,126.64236840000001,N,Y,N,Y,N,Y,Y
263,민간,인천광역시,0,37.58833525,126.6504804,N,Y,N,Y,N,Y,Y
264,민간,인천광역시,0,37.55810688,126.61664479999999,N,Y,N,Y,N,Y,Y
265,민간,인천광역시,0,37.49181485,126.6692946,N,Y,N,Y,N,N,Y
266,민간,인천광역시,0,37.50016232,126.6271023,N,Y,N,Y,N,Y,Y
267,민간,경기도,0,36.986346999999995,127.114691,Y,Y,N,Y,N,Y,Y
268,민간,경기도,0,37.076879,127.085545,Y,Y,N,Y,N,Y,Y
269,민간,경기도,0,37.02386,126.94582199999999,Y,Y,N,Y,N,Y,Y
270,민간,경기도,0,37.053441,127.109548,Y,Y,N,Y,N,Y,Y
271,민간,경기도,0,37.007876,127.077744,Y,Y,N,Y,N,Y,Y
272,민간,경기도,0,36.995638,126.845845,Y,Y,N,Y,N,Y,N
273,민간,경기도,0,37.007979999999996,127.073306,Y,Y,N,Y,N,Y,Y
274,민간,경기도,0,37.02946,127.099149,Y,Y,N,Y,N,Y,Y
275,민간,경기도,0,36.988627,127.092032,Y,Y,N,Y,N,Y,Y
276,민간,강원특별자치도,1,37.394183,127.95026999999999,N,Y,N,N,N,N,Y
277,민간,강원특별자치도,3,37.383122,127.958731,Y,Y,Y,N,N,N,N
278,민간,강원특별자치도,1,37.361734000000006,127.95371499999999,N,Y,N,N,N,N,Y
279,민간,강원특별자치도,1,37.387619,127.978117,N,Y,N,N,N,N,Y
280,민간,강원특별자치도,1,37.356873,127.900699,N,Y,N,N,N,N,N
281,민간,경기도,0,37.132367965,126.89823700000001,N,Y,N,N,N,Y,Y
282,민간,경기도,0,37.20506552,127.1251996,N,Y,N,N,N,Y,N
283,민간,경기도,0,37.14752465,126.89129579999998,N,Y,N,N,N,Y,N
284,민간,경기도,0,37.07655148,126.9145446,N,Y,N,N,N,Y,N
285,민간,경기도,0,37.142895,126.896367,N,Y,N,N,N,Y,Y
286,민간,경기도,0,37.15287357,127.1237279,N,Y,N,N,N,Y,Y
287,민간,경기도,0,37.13317036,126.8637023,N,Y,N,N,N,Y,Y
288,민간,경기도,0,37.12509433,126.9786314,N,Y,N,N,N,Y,Y
289,민간,경기도,0,37.21949941,127.10449229999999,N,Y,N,N,N,Y,Y
290,민간,경기도,0,37.17110824,126.95021820000001,N,Y,N,N,N,Y,Y
291,민간,경기도,0,37.16179022,127.07993370000001,N,Y,N,N,N,Y,Y
292,민간,경기도,0,37.21759527,127.0288787,N,Y,N,N,N,Y,Y
293,민간,경기도,0,37.1459247,126.89899809999999,N,Y,N,N,N,Y,Y
294,민간,경기도,0,37.064799,126.93249399999999,N,Y,N,N,N,Y,Y
295,민간,경기도,0,37.228691,127.06801599999999,N,Y,N,N,N,Y,N
296,민간,경기도,0,37.22940526,127.04723770000001,N,Y,N,N,N,Y,Y
297,민간,경기도,0,37.1560525921,126.9265305523,N,Y,N,N,N,Y,Y
298,민간,경기도,0,37.215732,126.983768,N,Y,N,N,N,Y,Y
299,민간,경기도,0,37.193665,126.84921499999999,N,Y,N,N,N,Y,Y
300,민간,전라북도,1,35.93889183,126.9730707,N,Y,N,N,N,N,Y
301,민간,전라북도,1,36.07582395,126.96597820000001,N,Y,N,N,N,N,Y
302,민간,전라북도,1,35.91926094,126.933902,N,Y,N,N,N,N,Y
303,민간,전라북도,1,35.93946321,126.9773993,N,Y,N,N,N,N,Y
304,민간,대전광역시,3,36.346940999999994,127.35290400000001,Y,Y,N,N,N,Y,Y
305,민간,강원특별자치도,3,38.10256981,127.9819108,Y,Y,Y,Y,Y,N,N
306,민간,강원특별자치도,2,38.09221044,127.9959482,Y,Y,Y,Y,Y,N,N
307,민간,경상북도,0,35.99293163,129.357079,Y,Y,Y,Y,Y,Y,Y
308,민간,경상북도,0,35.99507718,129.35521699999998,N,Y,N,N,N,Y,N
309,민간,경기도,4,37.40934497,127.1143041,N,Y,N,N,N,Y,Y
310,민간,경기도,4,37.39211294,127.13244569999999,N,Y,N,N,N,Y,Y
311,민간,경기도,4,37.36823447,127.100925,N,Y,N,N,N,Y,Y
312,민간,경상북도,1,36.12724088,128.0731941,N,Y,N,N,N,N,N
313,민간,경상북도,1,36.14082434,128.137104,N,Y,N,N,N,N,N
314,공공,대전광역시,0,36.32484117,127.3779096,Y,Y,Y,Y,Y,Y,Y
315,공공,경기도,0,37.217278,127.09539199999999,Y,Y,Y,Y,Y,Y,Y
316,공공,강원특별자치도,0,37.47503636,129.1195303,Y,Y,Y,Y,Y,N,Y
317,공공,전라남도,0,34.8119407,126.42278799999998,Y,Y,Y,Y,Y,Y,Y
318,공공,경상북도,0,36.5931775,128.2084966,Y,Y,Y,Y,Y,N,Y
319,공공,경기도,0,37.52459327,126.765054,Y,Y,Y,Y,Y,Y,Y
320,공공,광주광역시,0,35.21834001,126.82510829999998,Y,Y,Y,Y,Y,Y,Y
321,공공,부산광역시,0,35.08608501,128.9747313,Y,Y,Y,Y,Y,Y,Y
322,공공,서울특별시,0,37.586492299999996,126.8840896,Y,Y,Y,Y,Y,Y,Y
323,공공,경기도,0,37.27062857,126.99615990000001,Y,Y,Y,Y,Y,Y,Y
324,공공,인천광역시,0,37.4985463,126.64856100000002,Y,Y,Y,Y,Y,Y,Y
325,공공,경기도,0,37.4410537,127.1783702,Y,Y,Y,Y,Y,Y,Y
326,공공,서울특별시,0,37.55260324,127.0578565,Y,Y,Y,Y,Y,Y,Y
327,공공,서울특별시,0,37.567338899999996,126.9006703,Y,Y,Y,Y,Y,Y,Y
328,공공,세종특별자치시,0,36.46750007,127.26715130000001,Y,Y,Y,Y,Y,Y,Y
329,민간,충청북도,1,36.173175,127.7876509,Y,Y,Y,Y,Y,Y,Y
330,민간,충청북도,1,36.17175644,127.7937625,N,Y,N,N,N,N,Y
331,민간,충청북도,1,36.18747086,127.790727,Y,Y,Y,Y,Y,Y,Y
332,민간,전라북도,1,35.37059059,127.113607,N,Y,N,N,N,N,N
333,민간,인천광역시,0,37.46562094,126.69587290000001,N,Y,N,Y,N,Y,Y
334,민간,인천광역시,0,37.39766685,126.71253490000002,N,Y,N,Y,N,N,Y
335,민간,인천광역시,0,37.39405489,126.70927490000001,N,Y,N,Y,N,Y,Y
336,민간,인천광역시,0,37.47418043,126.6895385,N,Y,N,Y,N,Y,Y
337,민간,인천광역시,0,37.47668101,126.69202390000001,N,Y,N,Y,N,Y,Y
338,민간,인천광역시,0,37.52056679,126.7053352,N,Y,N,Y,N,Y,Y
339,민간,강원특별자치도,1,37.682691667600004,127.8593396843,N,Y,N,N,N,N,Y
340,민간,강원특별자치도,4,37.6828779154,127.8598435796,N,Y,N,N,N,N,Y
341,민간,강원특별자치도,1,37.6937094799,127.9074682958,N,Y,N,N,N,N,Y
342,민간,강원특별자치도,1,37.70235625,127.8825048217,N,Y,N,N,N,N,Y
343,민간,강원특별자치도,1,37.7045767082,127.8792512749,N,Y,N,N,N,N,Y
344,민간,강원특별자치도,1,37.7188766206,128.1798179052,N,Y,N,N,N,N,N
345,민간,강원특별자치도,1,37.6170714788,127.76636948870001,N,Y,N,N,N,N,N
346,민간,전라북도,2,35.43685142,126.6961067,N,Y,N,N,N,N,Y
347,민간,전라북도,1,35.46153088,126.69707240000001,N,Y,N,N,N,N,Y
348,민간,전라북도,1,35.4297324,126.6892396,N,Y,N,N,N,N,Y
349,민간,강원특별자치도,1,38.24452826,127.44477179999998,N,Y,N,N,N,N,Y
350,민간,강원특별자치도,1,38.18168208,127.32357759999998,Y,Y,N,N,N,N,N
351,민간,강원특별자치도,2,37.16809024,128.9920094,Y,Y,N,N,N,N,N
352,민간,강원특별자치도,1,37.17917939,128.9749736,Y,Y,N,N,N,N,N
353,민간,서울특별시,5,37.47782878,126.89692439999999,N,Y,N,N,N,Y,Y
354,민간,강원특별자치도,1,38.115745,127.713319,N,Y,N,Y,Y,Y,N
355,민간,강원특별자치도,1,38.109489,127.708636,N,Y,N,Y,Y,Y,Y
356,민간,강원특별자치도,1,38.117531,127.700033,N,Y,N,Y,Y,Y,N
357,민간,인천광역시,1,37.95764103,124.663556,Y,Y,N,N,N,N,N
358,민간,전라북도,2,35.78001722,127.40473970000001,N,Y,N,N,Y,Y,N
359,민간,전라북도,5,35.7805012,127.40514509999998,N,Y,N,N,Y,Y,N
360,민간,전라북도,1,35.8990157,127.5548345,N,Y,N,N,Y,Y,N
361,민간,강원특별자치도,1,37.76636694,128.92265279999998,N,Y,N,N,N,N,N
362,민간,강원특별자치도,1,37.76433970000001,128.9385967,N,Y,N,N,N,N,N
363,민간,강원특별자치도,2,37.76533494,128.9212752,N,Y,N,N,N,N,N
364,공공,강원특별자치도,0,37.34348736,127.98434909999999,Y,Y,Y,Y,Y,Y,Y
365,공공,경기도,0,37.71790484,127.0467043,Y,Y,Y,Y,Y,Y,Y
366,공공,대구광역시,0,35.874941899999996,128.5357905,Y,Y,Y,Y,Y,Y,Y
367,공공,전라북도,0,35.954730700000006,127.00495520000001,Y,Y,Y,Y,Y,Y,Y
368,공공,인천광역시,0,37.44118408,126.6376729,Y,Y,Y,Y,Y,Y,Y
369,공공,전라북도,0,35.84901414,127.0928187,Y,Y,Y,Y,Y,Y,Y
370,공공,전라북도,0,35.58358885,126.831227,Y,Y,Y,Y,Y,Y,Y
371,공공,제주특별자치도,0,33.5143462,126.5894928,Y,Y,Y,Y,Y,Y,Y
372,공공,부산광역시,0,35.14567213,128.9946989,Y,Y,Y,Y,Y,Y,Y
373,공공,경상남도,0,35.172732200000006,128.10553810000002,Y,Y,Y,Y,Y,Y,Y
374,공공,경상남도,0,35.22906134,128.648797,Y,Y,Y,Y,Y,Y,Y
375,공공,충청남도,0,36.82568276,127.1063325,Y,Y,Y,Y,Y,Y,Y
376,공공,충청북도,0,36.66122773,127.466392,Y,Y,Y,Y,Y,Y,Y
377,공공,강원특별자치도,0,37.84976428,127.75440640000001,Y,Y,Y,Y,Y,Y,Y
378,공공,충청북도,0,37.00068991,127.9190498,Y,Y,Y,Y,Y,Y,Y
379,민간,강원특별자치도,1,37.76467792,128.9197262,N,Y,N,N,N,N,N
380,민간,강원특별자치도,2,37.76920354,128.934277,N,Y,N,N,N,N,N
381,민간,강원특별자치도,1,37.8771252,128.8221652,N,Y,N,N,N,N,N
382,민간,강원특별자치도,1,37.88795031,128.826865,N,Y,N,N,N,N,N
383,민간,강원특별자치도,2,37.77614132,128.8865402,N,Y,N,N,N,N,N
384,민간,강원특별자치도,1,37.76526508,128.9206869,N,Y,N,N,N,N,Y
385,공공,강원특별자치도,0,37.1869235,128.9616777,Y,Y,Y,Y,Y,N,Y
386,공공,경상북도,0,35.99552941,129.3652649,Y,Y,Y,Y,Y,Y,Y
387,공공,부산광역시,0,35.1840271,129.11974840000002,Y,Y,Y,Y,Y,Y,Y
388,공공,충청남도,0,36.58389087,126.65491670000002,Y,Y,Y,Y,Y,Y,Y
389,민간,충청남도,3,36.2737031381,126.876391,N,Y,N,Y,N,Y,Y
390,민간,충청남도,3,36.2750525442,126.87377569780001,N,Y,N,Y,N,Y,Y
391,민간,충청남도,6,36.2719156207,126.8674767992,N,Y,N,Y,N,Y,Y
392,민간,충청남도,2,36.2478284293,127.00857002299999,N,Y,N,N,N,Y,Y
393,민간,충청남도,2,36.2658181299,126.908371,N,Y,N,N,N,Y,Y
394,민간,전라남도,1,35.280811799999995,126.49666940000002,N,Y,N,N,N,N,N
395,민간,전라남도,1,35.28735476,126.5132368,N,Y,N,N,N,N,N
396,민간,전라남도,1,35.28735377,126.5138875,N,Y,N,N,N,N,N
397,민간,제주특별자치도,0,33.29444969,126.58098340000001,N,Y,N,N,N,N,Y
398,민간,제주특별자치도,0,33.29354767,126.5815068,N,Y,N,N,N,N,Y
399,민간,제주특별자치도,0,33.22827529,126.2606406,N,Y,N,N,N,N,Y
400,민간,제주특별자치도,0,33.2938727,126.58131840000001,N,Y,N,N,N,N,Y
401,민간,제주특별자치도,0,33.27844104,126.30363590000002,N,Y,N,N,N,N,Y
402,민간,제주특별자치도,0,33.318857300000005,126.83109499999999,N,Y,N,N,N,N,Y
403,민간,제주특별자치도,0,33.43862162,126.8765186,N,Y,N,N,N,N,Y
404,민간,제주특별자치도,0,33.27528293,126.6576939,N,Y,N,N,N,N,Y
405,민간,제주특별자치도,0,33.47204402,126.9024955,N,Y,N,N,N,N,Y
406,민간,제주특별자치도,0,33.28400286,126.72359229999999,N,Y,N,N,N,N,Y
407,민간,제주특별자치도,0,33.29015113,126.5792568,N,Y,N,N,N,N,Y
408,민간,제주특별자치도,0,33.29281652,126.58168799999999,N,Y,N,N,N,N,Y
409,민간,제주특별자치도,0,33.28971443,126.3208466,N,Y,N,N,N,N,Y
410,민간,제주특별자치도,0,33.27599336,126.3611564,N,Y,N,N,N,N,Y
411,민간,제주특별자치도,0,33.25343462,126.50933570000001,N,Y,N,N,N,N,Y
412,민간,경기도,1,37.43151111,127.1677578,N,Y,N,N,N,Y,Y
413,민간,경기도,4,37.34623627,127.0993968,N,Y,N,N,N,Y,Y
414,민간,경기도,4,37.42914391,127.1364201,N,Y,N,N,N,Y,Y
415,민간,경기도,5,37.75525416,127.02009709999999,N,Y,N,Y,N,Y,Y
416,민간,경기도,3,37.75632294,127.02224299999999,N,Y,N,Y,N,Y,Y
417,민간,경기도,5,37.75617627,127.0794626,N,Y,N,Y,Y,Y,Y
418,민간,충청남도,2,36.58388952,126.6549007,Y,Y,Y,Y,Y,Y,N
419,민간,충청남도,2,36.61184663,126.71311580000001,Y,Y,Y,Y,Y,Y,N
420,민간,충청남도,2,36.49276307,126.61865120000002,Y,Y,Y,Y,Y,Y,N
421,민간,충청남도,2,36.65123434,126.6900237,Y,Y,Y,Y,Y,Y,N
422,민간,전라북도,1,35.40603515,127.1402456,N,Y,N,N,N,N,N
423,민간,인천광역시,0,37.48523552,126.6448882,N,Y,N,Y,N,Y,Y
424,민간,인천광역시,0,37.48456097,126.6595316,N,Y,N,Y,N,Y,Y
425,민간,인천광역시,0,37.48850054,126.64894679999999,N,Y,N,Y,N,Y,Y
426,민간,인천광역시,0,37.48096038,126.66327279999999,N,Y,N,Y,N,Y,Y
427,민간,인천광역시,0,37.49027644,126.65016809999999,N,Y,N,Y,N,Y,Y
428,민간,인천광역시,0,37.44109275,126.6354501,N,Y,N,Y,N,Y,Y
429,민간,인천광역시,0,37.44042637,126.63806149999999,N,Y,N,Y,N,Y,Y
430,민간,인천광역시,0,37.46046085,126.6732505,N,Y,N,Y,N,Y,Y
431,민간,인천광역시,0,37.46495129,126.69083229999998,N,Y,N,Y,N,Y,Y
432,민간,인천광역시,0,37.47091487,126.6672733,N,Y,N,Y,N,Y,Y
433,민간,인천광역시,0,37.44260722,126.652731,N,Y,N,Y,N,Y,Y
434,민간,인천광역시,0,37.43723698,126.6469702,N,Y,N,Y,N,Y,Y
435,민간,인천광역시,0,37.39842752,126.6602956,N,Y,N,Y,N,Y,N
436,민간,인천광역시,0,37.3994771,126.71087759999999,N,Y,N,Y,N,Y,Y
437,민간,인천광역시,0,37.39805444,126.7105317,N,Y,N,Y,N,Y,Y
438,민간,인천광역시,0,37.47157007,126.68620729999999,N,Y,N,Y,N,Y,Y
439,민간,인천광역시,0,37.40771395,126.69242369999999,N,Y,N,Y,N,Y,Y
440,민간,경상남도,1,34.89210255,128.6930095,N,Y,N,N,N,N,Y
441,민간,경상남도,1,34.91405512,128.67046489999998,N,Y,N,N,N,N,Y
442,민간,경상남도,1,34.8749714,128.6880087,N,Y,N,N,N,N,Y
443,민간,경상남도,1,34.88870253,128.60114779999998,N,Y,N,N,N,N,Y
444,민간,경상남도,1,34.88781858,128.62444409999998,N,Y,N,N,N,N,Y
445,민간,경상남도,1,34.90396675,128.6238772,N,Y,N,N,N,N,Y
446,민간,경상남도,1,34.91738256,128.6559467,N,Y,N,N,N,N,Y
447,민간,전라북도,3,35.93886902,126.9726221,N,Y,N,N,N,Y,Y
448,민간,전라북도,1,35.931044,126.94509440000002,N,Y,N,N,N,N,Y
449,민간,전라북도,1,35.377925700000006,127.1569688,N,Y,N,N,N,N,N
450,민간,전라북도,1,35.3917016,127.1390045,N,Y,N,N,N,N,N
451,민간,강원특별자치도,3,37.319745000000005,127.96566399999999,N,Y,N,N,N,N,Y
452,민간,강원특별자치도,3,37.354409999999994,127.95206200000001,N,Y,N,N,N,N,N
453,민간,강원특별자치도,1,37.355996000000005,127.94998600000001,N,Y,N,N,N,N,Y
454,민간,강원특별자치도,2,37.379037,127.941988,N,Y,N,N,N,N,N
455,민간,경상북도,0,35.98868111,129.3589329,N,Y,N,Y,Y,Y,N
456,민간,경상북도,0,36.06392381,129.3525847,N,Y,N,Y,Y,Y,Y
457,민간,경상북도,0,36.06063727,129.3539353,N,Y,N,Y,Y,Y,N
458,민간,경상북도,0,36.06156068,129.35371429999998,N,Y,N,N,N,Y,Y
459,민간,경상북도,0,36.072847499999995,129.3719124,N,Y,N,N,N,Y,N
460,민간,경상북도,0,35.96339699,129.4215463,N,Y,N,N,N,Y,Y
461,민간,경상북도,0,36.01226618,129.3482603,N,Y,N,N,N,Y,Y
462,민간,경상북도,0,36.17957799,129.3402179,N,Y,N,Y,Y,Y,N
463,민간,경상북도,0,36.04556307,129.3196715,N,Y,N,N,Y,N,N
464,공공,대구광역시,0,35.83430845,128.6990104,Y,Y,Y,Y,Y,Y,Y
465,공공,경기도,0,37.25691567,127.06022390000001,Y,Y,Y,Y,Y,Y,Y
466,공공,전라남도,0,34.964913700000004,127.5495402,Y,Y,Y,Y,Y,Y,Y
467,공공,대전광역시,0,36.4470167,127.40511629999999,Y,Y,Y,Y,Y,Y,Y
468,공공,경상북도,0,36.548134000000005,128.7028338,Y,Y,Y,Y,Y,Y,Y
469,공공,경기도,0,37.33739152,126.84921299999999,Y,Y,Y,Y,Y,Y,Y
470,공공,경기도,0,37.39550714,126.9736054,Y,Y,Y,Y,Y,Y,Y
471,공공,전라남도,0,34.77331431,127.71675159999998,Y,Y,Y,Y,Y,Y,Y
472,공공,경상북도,0,36.803408000000005,128.6330261,Y,Y,Y,Y,Y,N,Y
473,공공,경기도,0,37.25286598,127.14588559999999,Y,Y,Y,Y,Y,Y,Y
474,공공,울산광역시,0,35.51926466,129.34404469999998,Y,Y,Y,Y,Y,Y,Y
475,민간,경기도,0,37.53694609,127.2087947,Y,Y,Y,N,Y,Y,Y
476,민간,경기도,0,37.54327996,127.22023700000001,Y,Y,Y,N,Y,Y,Y
477,민간,경기도,0,37.54076052,127.20825570000001,Y,Y,Y,N,Y,Y,Y
478,민간,경기도,0,37.541546399999994,127.2084973,Y,Y,Y,N,Y,Y,Y
479,민간,경기도,0,37.55251608,127.20944409999998,Y,Y,Y,N,Y,Y,Y
480,민간,경기도,0,37.52806365,127.17272120000001,Y,Y,Y,N,Y,Y,Y
481,민간,경기도,0,37.52869332,127.17225359999999,Y,Y,Y,N,Y,Y,Y
482,민간,경기도,0,37.52850170000001,127.165622,Y,Y,Y,N,Y,Y,Y
483,민간,강원특별자치도,0,37.54088458,129.1102974,Y,Y,Y,N,Y,Y,N
484,민간,강원특별자치도,0,37.48428277,129.06391770000002,Y,Y,Y,N,Y,Y,N
485,민간,서울특별시,0,37.61900103,127.02884569999999,N,Y,N,N,N,Y,Y
486,민간,경상북도,0,35.98991812,129.3525785,Y,Y,N,N,Y,Y,Y
487,민간,경상북도,0,35.99380115,129.4034993,N,Y,N,Y,N,Y,Y
488,민간,경상북도,0,36.3508598652,129.379569,N,Y,N,Y,N,N,Y
489,민간,경상북도,0,36.5336416604,129.40438799999998,N,Y,N,N,N,N,N
490,민간,경상북도,0,36.420801000000004,129.3744319185,Y,Y,N,N,N,N,Y
491,민간,경상북도,0,36.4204351567,129.3735761101,N,Y,N,Y,N,N,Y
492,민간,강원특별자치도,0,37.4943122,129.1120156,Y,Y,Y,N,Y,Y,N
493,민간,강원특별자치도,0,37.49292991,129.1240565,Y,Y,Y,N,Y,Y,N
494,민간,강원특별자치도,0,37.50484179,129.1259629,Y,Y,Y,N,Y,Y,N
495,민간,전라남도,1,35.28132885,126.48587649999999,N,Y,N,N,N,N,N
496,민간,전라남도,1,35.26659144,126.4947088,N,Y,N,N,N,N,N
497,민간,경상남도,1,35.46086044,128.33001570000002,N,Y,N,N,N,Y,N
498,민간,경상남도,1,35.32086066,128.2496293,N,Y,N,N,N,N,Y
499,공공,서울특별시,0,37.6374744752,127.0716369731,Y,Y,Y,Y,Y,Y,Y
500,민간,서울특별시,0,37.62830886,127.0564969,N,Y,N,N,N,Y,Y
501,민간,인천광역시,2,37.48523552,126.6448882,N,Y,N,Y,N,Y,Y
502,민간,인천광역시,3,37.48456097,126.6595316,N,Y,N,Y,N,Y,Y
503,민간,인천광역시,4,37.48850054,126.64894679999999,N,Y,N,Y,N,Y,Y
504,민간,인천광역시,3,37.48096038,126.66322199999999,N,Y,N,Y,N,Y,Y
505,민간,인천광역시,4,37.49027644,126.65016809999999,N,Y,N,Y,N,Y,Y
506,민간,강원특별자치도,1,38.115745,127.713319,N,Y,N,Y,Y,Y,N
507,민간,강원특별자치도,1,38.109489,127.708636,N,Y,N,Y,Y,Y,Y
508,민간,강원특별자치도,1,38.117531,127.700033,N,Y,N,Y,Y,Y,N
509,공공,경상북도,0,35.87194126,129.2238735,Y,Y,Y,Y,Y,Y,Y
510,공공,경기도,0,37.68990973,126.79791170000001,Y,Y,Y,Y,Y,Y,Y
511,공공,광주광역시,0,35.113634600000005,126.87500020000002,Y,Y,Y,Y,Y,Y,Y
512,공공,서울특별시,0,37.49284945,126.8333562,Y,Y,Y,Y,Y,Y,Y
513,공공,경상북도,0,36.12470089999999,128.3582939,Y,Y,Y,Y,Y,Y,Y
514,공공,전라북도,0,35.96984844,126.6369344,Y,Y,Y,Y,Y,Y,Y
515,공공,경상남도,0,35.21229328,128.8281836,Y,Y,Y,Y,Y,Y,Y
516,공공,경기도,0,37.6769141,127.1962784,Y,Y,Y,Y,Y,Y,Y
517,공공,전라북도,0,35.42581768,127.3964368,Y,Y,Y,Y,Y,N,Y
518,공공,서울특별시,0,37.6374723,127.071625,Y,Y,Y,Y,Y,Y,Y
519,공공,대구광역시,0,35.81281691,128.5170497,Y,Y,Y,Y,Y,Y,Y
520,민간,경기도,4,37.2482551,127.0802822,N,Y,N,N,N,Y,Y
521,민간,경기도,3,37.24506737,126.96047970000001,N,Y,N,N,N,Y,Y
522,민간,경기도,3,37.24313915,126.95944209999999,N,Y,N,N,N,Y,Y
523,민간,경기도,4,37.26808041,127.06262040000001,N,Y,N,N,N,Y,Y
524,민간,경기도,3,37.23426815,126.96927079999999,N,Y,N,N,N,Y,Y
525,민간,경기도,3,37.26697927,127.0610259,N,Y,N,N,N,Y,Y
526,민간,경기도,3,37.25332279,127.0606993,N,Y,N,N,N,Y,Y
527,민간,경기도,4,37.25492235,126.9916128,N,Y,N,N,N,Y,Y
528,민간,경기도,4,37.2541198,127.0604567,N,Y,N,N,N,Y,Y
529,민간,경기도,4,37.29624153,127.0055949,N,Y,N,N,N,Y,Y
530,민간,경기도,3,37.23403504,126.972897,N,Y,N,N,N,Y,Y
531,민간,경기도,3,37.31191181,126.9891997,N,Y,N,N,N,Y,Y
532,민간,경상남도,1,34.9105631,128.66173600000002,N,Y,N,N,N,N,Y
533,민간,경상남도,1,34.90033505,128.5628376,N,Y,N,N,N,N,Y
534,민간,경상북도,4,36.65525031,128.4626046,N,Y,N,Y,N,N,N
535,민간,경상북도,6,36.64568787,128.4353907,N,Y,N,Y,N,N,N
536,민간,경상북도,10,36.63721825,128.472241,N,Y,N,Y,N,N,N
537,민간,경기도,0,37.123546999999995,127.080025,Y,Y,N,Y,N,Y,N
538,민간,경기도,0,37.037693,127.07242,Y,Y,N,Y,N,Y,Y
539,민간,경기도,0,37.046599683000004,126.930471,Y,Y,N,Y,N,Y,Y
540,민간,경기도,0,37.056783,127.122501,Y,Y,N,Y,N,Y,N
541,민간,경기도,0,37.044476,127.063923,Y,Y,N,Y,N,Y,Y
542,민간,경기도,0,37.008107,126.97141699999999,Y,Y,N,Y,N,Y,N
543,민간,경기도,0,36.956858000000004,126.921075,Y,Y,N,Y,N,Y,N
544,민간,경기도,0,36.997615,126.855998,Y,Y,N,Y,N,Y,Y
545,민간,경기도,0,36.99584,126.845506,Y,Y,N,Y,N,Y,Y
546,민간,경기도,0,37.006941999999995,126.979533,Y,Y,N,Y,N,Y,Y
547,민간,경기도,0,37.081779,127.05824799999999,Y,Y,N,Y,N,Y,Y
548,민간,전라북도,1,35.42575972,126.69288829999999,N,Y,N,N,N,N,Y
549,민간,충청북도,3,36.3093958,127.57125659999998,N,Y,N,N,N,Y,Y
550,민간,충청북도,0,36.29193316,127.56706070000001,N,Y,N,N,N,N,N
551,민간,충청북도,3,36.29320278,127.5754639,N,Y,N,N,N,N,N
552,민간,충청북도,2,36.29378663,127.57681480000001,N,Y,N,N,N,N,N
553,민간,충청북도,1,36.29733431,127.55685120000001,N,Y,N,N,N,N,N
554,공공,서울특별시,0,37.46850851,127.1186807,Y,Y,Y,Y,Y,Y,Y
555,공공,강원특별자치도,0,37.74735582,128.88242069999998,Y,Y,Y,Y,Y,Y,Y
556,공공,경상남도,0,35.67152612,127.93067409999999,Y,Y,Y,Y,Y,N,Y
557,민간,인천광역시,0,37.5025735,126.64716990000001,N,Y,N,Y,N,Y,Y
558,민간,인천광역시,0,37.5131595,126.62715490000001,N,Y,N,Y,N,Y,Y
559,민간,인천광역시,0,37.52131318,126.6561706,N,Y,N,Y,N,Y,Y
560,민간,인천광역시,0,37.48296786,126.6791875,N,Y,N,Y,N,Y,Y
561,민간,인천광역시,0,37.73042887,126.48895459999999,N,Y,N,Y,N,Y,Y
562,민간,인천광역시,0,37.72612703,126.48425630000001,N,Y,N,Y,N,Y,Y
563,민간,인천광역시,0,37.7171501,126.4715182,N,Y,N,Y,N,Y,Y
564,민간,인천광역시,0,37.69986214,126.4058657,N,Y,N,Y,N,Y,Y
565,민간,인천광역시,0,37.97424839,124.70666090000002,N,Y,N,Y,N,N,Y
566,민간,인천광역시,0,37.95793409,124.6637351,N,Y,N,Y,N,N,N
567,민간,강원특별자치도,0,38.05811829,128.1629265,Y,Y,N,N,N,N,N
568,민간,강원특별자치도,0,38.0842486,128.18293329999997,Y,Y,N,N,N,N,N
569,민간,강원특별자치도,0,38.05886015,128.1636835,Y,Y,N,N,N,N,N
570,민간,강원특별자치도,0,38.06817264,128.17320959999998,Y,Y,N,N,N,N,N
571,민간,강원특별자치도,0,38.13252347,128.224223,Y,Y,N,N,N,N,N
572,민간,전라북도,1,35.61885518,127.29312809999999,Y,Y,Y,Y,Y,Y,Y
573,민간,전라북도,1,35.635822,127.28342099999999,Y,Y,Y,Y,Y,Y,Y
574,민간,전라북도,3,35.426917100000004,127.3881702,N,Y,N,N,Y,N,Y
575,민간,전라북도,2,35.43406878,127.3789648,N,Y,N,N,Y,N,Y
576,민간,전라북도,1,35.42398871,127.39781699999999,N,Y,N,N,Y,N,Y
577,민간,전라북도,2,35.39670462,127.38142040000001,N,Y,N,N,Y,N,Y
578,민간,전라북도,1,35.47935557,127.5916072,N,Y,N,N,Y,N,Y
579,민간,경기도,1,37.6827513,127.4897574,N,Y,N,Y,N,N,N
580,민간,경기도,1,37.8044599,127.4869807,N,Y,N,Y,N,N,Y
581,민간,경기도,1,37.8134375,127.35017250000001,N,Y,N,Y,N,N,N
582,민간,경기도,2,37.83139179999999,127.29509840000001,N,Y,N,Y,N,Y,N
583,민간,경기도,1,37.6779575,127.4811326,N,Y,N,Y,N,N,N
584,민간,경기도,2,37.7488526,127.4324864,N,Y,N,Y,N,Y,Y
585,민간,경기도,1,37.8276752819,127.51509583299999,N,Y,N,Y,N,N,Y
586,민간,강원특별자치도,2,37.178670399999994,128.47417109999998,Y,Y,N,Y,N,Y,Y
587,민간,강원특별자치도,3,37.1840232,128.482622,N,Y,N,N,N,N,Y
588,민간,경기도,0,38.01439446,127.0706173,N,Y,N,N,N,N,N
589,민간,경기도,0,38.02032032,127.0661035,N,Y,N,N,N,N,N
590,민간,경기도,0,38.0909805,127.0737172,N,Y,N,N,N,N,N
591,민간,경기도,0,38.01952558,127.07386890000001,N,Y,N,N,N,N,N
592,민간,경기도,0,38.09750954,127.07800890000001,N,Y,N,N,N,N,N
593,민간,경기도,0,38.05229026,127.06825690000001,N,Y,N,N,N,N,N
594,민간,경기도,0,38.05812022,127.02047730000001,N,Y,N,N,N,N,N
595,민간,경기도,0,37.31544247,126.7967649,Y,Y,Y,Y,Y,Y,Y
596,민간,경기도,0,37.34305616,126.8012585,Y,Y,Y,Y,Y,Y,Y
597,민간,경기도,0,37.29286129,126.8767499977,Y,Y,Y,Y,Y,Y,Y
598,민간,경기도,0,37.28078001,126.8447237,Y,Y,Y,Y,Y,Y,Y
599,민간,경기도,0,37.28764647,126.887124,Y,Y,Y,Y,Y,Y,Y
600,민간,경기도,0,37.34385707,126.80053410000001,Y,Y,Y,Y,Y,Y,Y
601,민간,경기도,0,37.33710811,126.84958400000001,Y,Y,Y,Y,Y,Y,Y
602,민간,경기도,0,37.28139855,126.8449195,Y,Y,Y,Y,Y,Y,Y
603,민간,경기도,0,37.27938465,126.84868700000001,Y,Y,Y,Y,Y,Y,Y
604,민간,경기도,0,37.33747019,126.8500235,Y,Y,Y,Y,Y,Y,Y
605,민간,경기도,0,37.32230695,126.73249240000001,Y,Y,Y,Y,Y,Y,Y
606,민간,경기도,0,37.27922209,126.84685590000001,Y,Y,Y,Y,Y,Y,Y
607,민간,경기도,0,37.2983505,126.7611187,Y,Y,Y,Y,Y,Y,Y
608,민간,경기도,0,37.25878783,126.58492179999999,Y,Y,Y,Y,Y,Y,Y
609,민간,경기도,0,37.50159181,127.47435829999999,N,Y,N,N,N,Y,Y
610,민간,경기도,0,37.54238327,127.3185797,Y,Y,N,Y,Y,Y,Y
611,민간,경기도,0,37.50116192,127.47763059999998,N,Y,N,N,N,N,N
612,민간,경기도,0,37.4958292,127.5030649,N,Y,N,Y,N,N,Y
613,민간,경기도,0,37.47965724,127.504971,N,Y,N,N,Y,N,Y
614,민간,경기도,0,37.50899281,127.6193923,Y,Y,Y,N,N,N,N
615,민간,경기도,0,37.49896637,127.508896,N,Y,N,N,N,N,Y
616,민간,경기도,0,37.48545625,127.6105682,Y,Y,Y,N,N,N,N
617,민간,경기도,0,37.49978331,127.6327565,Y,Y,N,N,N,N,N
618,민간,경기도,0,37.52219018,127.6636064,Y,Y,N,N,N,Y,Y
619,민간,경상남도,5,34.9491927838,128.0775809506,N,Y,N,Y,Y,Y,Y
620,민간,경상남도,3,35.0530193574,127.9591903882,N,Y,N,Y,Y,N,Y
621,민간,경상남도,4,34.9760859669,128.0599176154,N,Y,N,Y,Y,N,N
622,민간,경상남도,4,34.955481426,128.075702,N,Y,N,Y,Y,N,N
623,민간,경상남도,3,35.060739051,128.0796365589,N,Y,N,Y,Y,N,Y
624,민간,경상남도,3,34.9308016486,128.09314633559998,N,Y,N,Y,Y,N,Y
625,민간,경상남도,3,35.094272,128.089013,N,Y,N,Y,Y,Y,Y
626,민간,경상남도,3,34.9390214665,128.0927965698,N,Y,N,Y,Y,Y,N
627,민간,경상남도,4,35.087553,128.10328700000002,N,Y,N,Y,Y,N,Y
628,민간,경상남도,3,35.062328945,128.07456399999998,N,Y,N,Y,Y,N,Y
629,민간,경상남도,3,35.081136672,128.07710481,N,Y,N,Y,Y,Y,N
630,민간,경상남도,3,35.0875980533,128.10412699879998,N,Y,N,Y,Y,Y,N
631,민간,경기도,3,37.85274009,126.9607398,N,Y,N,N,Y,Y,Y
632,민간,경기도,3,37.83364152,127.05339509999999,N,Y,N,N,Y,Y,Y
633,민간,경기도,2,37.81075111,126.99326809999998,N,Y,N,N,Y,Y,N
634,민간,경기도,2,37.71501868,126.93556629999999,N,Y,N,N,Y,Y,Y
635,민간,경기도,3,37.79933633,126.98049309999999,N,Y,N,N,Y,Y,Y
636,민간,경기도,2,37.86195532,127.02492360000001,N,Y,N,N,Y,Y,Y
637,민간,경기도,3,37.81760731,127.10384750000001,N,Y,N,N,Y,Y,Y
638,민간,경기도,3,37.8531523,127.06134490000001,N,Y,N,N,Y,Y,N
639,민간,경기도,3,37.84215397,126.966844,N,Y,N,N,Y,Y,Y
640,민간,경기도,2,37.87810747,126.99335149999999,N,Y,N,N,Y,Y,Y
641,민간,경기도,0,37.70874897,127.1765842,N,Y,N,Y,N,Y,Y
642,민간,경기도,0,37.70827467,127.18356399999999,N,Y,N,Y,N,Y,Y
643,민간,경기도,0,37.70208841,127.1903226,N,Y,N,Y,N,Y,Y
644,민간,경기도,0,37.73570469,127.2138913,N,Y,N,Y,N,Y,Y
645,민간,경기도,0,37.75491294,127.21670220000001,N,Y,N,Y,N,Y,Y
646,민간,경기도,0,37.74898117,127.21957250000001,N,Y,N,Y,N,Y,Y
647,민간,경기도,0,37.65565118,127.29233870000002,N,Y,N,Y,N,Y,Y
648,민간,경기도,0,37.65122693,127.31349250000001,N,Y,N,Y,N,Y,Y
649,민간,경기도,0,37.68838879,127.3228783,N,Y,N,Y,N,Y,Y
650,민간,경기도,0,37.65414611,127.2575409,N,Y,N,Y,N,Y,N
651,민간,경기도,0,37.65760777,127.23867299999999,N,Y,N,Y,N,Y,Y
652,민간,경기도,0,37.64780971,127.2342321,N,Y,N,Y,N,Y,Y
653,민간,경기도,0,37.63365354,127.20392199999999,N,Y,N,Y,N,Y,Y
654,민간,경기도,0,37.57848609,127.22457630000001,N,Y,N,Y,N,Y,Y
655,민간,경기도,0,37.65722298,127.17649399999999,N,Y,N,Y,N,Y,Y
656,민간,경기도,0,37.67737452,127.1927834,N,Y,N,Y,N,Y,Y
657,민간,경기도,0,37.67338943,127.1343605,N,Y,N,Y,N,Y,Y
658,민간,경기도,0,37.70717138,127.11800590000001,N,Y,N,Y,N,Y,Y
659,민간,전라남도,2,34.766864700000006,127.7030077,N,Y,N,N,Y,Y,Y
660,민간,전라남도,3,34.8115555,127.670452,N,Y,N,N,Y,Y,Y
661,민간,전라남도,3,34.7563185,127.7228487,N,Y,N,N,Y,Y,Y
662,민간,전라남도,2,34.7310231,127.72158370000001,N,Y,N,N,Y,Y,Y
663,민간,전라남도,2,34.82666413,127.6451452,N,Y,N,N,Y,Y,N
664,민간,전라남도,2,34.7382471,127.6328233,N,Y,N,N,Y,Y,Y
665,민간,전라남도,3,34.7846604,127.6637815,N,Y,N,N,Y,Y,N
666,민간,전라남도,3,34.79080709,127.6527434,N,Y,N,N,Y,Y,Y
667,민간,전라남도,3,34.80010123,127.66158090000002,N,Y,N,N,Y,Y,Y
668,민간,전라남도,3,34.7810352,127.69616529999999,N,Y,N,N,Y,Y,Y
669,민간,전라남도,2,34.72798391,127.69811090000002,N,Y,N,N,Y,Y,Y
670,민간,경기도,4,37.13854672,127.0662778,N,Y,N,N,Y,Y,Y
671,민간,서울특별시,4,37.470840100000004,126.88829059999999,N,Y,N,N,N,Y,Y
672,민간,서울특별시,4,37.45891938,126.8980942,N,Y,N,N,N,Y,Y
673,민간,서울특별시,3,37.46954684,126.8930335,N,Y,N,N,N,Y,Y
674,민간,서울특별시,3,37.441001899999996,126.9020668,N,Y,N,N,N,Y,Y
675,민간,서울특별시,4,37.47411029,126.8979273,N,Y,N,N,N,Y,Y
676,민간,서울특별시,3,37.47069774,126.88932779999999,N,Y,N,N,N,Y,Y
677,민간,경기도,5,37.25344709,126.98948929999999,N,Y,N,N,N,Y,Y
678,민간,경기도,3,37.254446,126.9954903,N,Y,N,N,N,Y,Y
679,민간,경기도,4,37.25873184,127.06444280000001,N,Y,N,N,N,Y,Y
680,민간,경기도,4,37.25704437,126.9963913,N,Y,N,N,N,Y,Y
681,민간,경기도,4,37.30096242,126.98367140000002,N,Y,N,N,N,Y,Y
682,민간,경기도,4,37.24810125,127.04768899999999,N,Y,N,N,N,Y,Y
683,민간,경기도,4,37.24736309,127.04883079999999,N,Y,N,N,N,Y,Y
684,민간,경기도,3,37.31719614,126.9895884,N,Y,N,N,N,Y,Y
685,민간,경기도,3,37.25983404,127.06061229999999,N,Y,N,N,N,Y,Y
686,민간,경기도,3,37.16391675,127.06698020000002,N,Y,N,N,Y,Y,Y
687,민간,경기도,4,37.17761168,127.0572085,N,Y,N,N,Y,Y,Y
688,민간,경기도,4,37.13679473,127.0738342,N,Y,N,N,Y,Y,Y
689,민간,경기도,3,37.15727129,127.08578700000001,N,Y,N,N,Y,Y,Y
690,민간,경기도,2,37.15858462,127.0395231,N,Y,N,N,Y,Y,Y
691,민간,경기도,4,37.15839969,127.06494479999999,N,Y,N,N,Y,Y,N
692,민간,경기도,2,37.131733000000004,127.047284,N,Y,N,N,Y,Y,N
693,민간,경기도,3,37.162722404,127.03262555110001,N,Y,N,N,Y,Y,Y
694,민간,경상북도,0,36.80179836,128.6325239,N,Y,N,N,N,N,N
695,민간,경상북도,0,36.80876404,128.635848,N,Y,N,N,Y,N,N
696,민간,경상북도,0,36.86176769,128.5314764,N,Y,N,N,N,N,Y
697,민간,경상북도,0,36.82013102,128.6198737,N,Y,N,N,N,N,N
698,민간,경상북도,0,36.86606734,128.5224715,N,Y,N,N,Y,N,Y
699,민간,경상북도,0,36.834843,128.617126,N,Y,N,N,N,N,N
700,민간,경기도,4,37.35637319,126.94907509999999,N,Y,N,Y,N,Y,Y
701,민간,경기도,3,37.35267727,126.9583061,N,Y,N,N,N,Y,Y
702,민간,경기도,5,37.35535216,126.94911200000001,N,Y,N,Y,N,Y,Y
703,민간,경기도,4,37.36520019,126.95751100000001,N,Y,N,N,Y,Y,Y
704,민간,서울특별시,5,37.47160884,126.9840555,Y,Y,Y,Y,Y,Y,Y
705,민간,서울특별시,4,37.47590033,127.02777749999998,Y,Y,Y,Y,Y,Y,Y
706,민간,부산광역시,14,35.15497916,129.0332431,Y,Y,Y,N,N,Y,N
707,민간,강원특별자치도,3,37.3197450984,127.9656644435,N,Y,N,N,N,N,Y
708,민간,강원특별자치도,3,37.35441,127.95206,N,Y,N,N,N,N,N
709,민간,경기도,1,37.18775465,127.55707269999999,N,Y,N,N,N,N,Y
710,민간,강원특별자치도,1,37.3559960844,127.9499859468,N,Y,N,N,N,N,Y
711,민간,강원특별자치도,2,37.37903712,127.9419884055,N,Y,N,N,N,N,N
712,민간,강원특별자치도,1,37.39418316,127.95026979010001,N,Y,N,N,N,N,Y
713,민간,강원특별자치도,3,37.3831221608,127.9587313784,Y,Y,Y,N,N,N,N
714,민간,강원특별자치도,1,37.3617339,127.95371454120001,N,Y,N,N,N,N,Y
715,민간,강원특별자치도,1,37.3876186,127.9781174,N,Y,N,N,N,N,Y
716,민간,강원특별자치도,1,37.356873075,127.9006987305,N,Y,N,N,N,N,N
717,민간,강원특별자치도,1,37.3579140957,127.9004544,N,Y,N,N,N,N,N
718,민간,강원특별자치도,2,37.29894368,127.7962684116,N,Y,N,N,N,N,N
719,민간,강원특별자치도,3,37.362073384,127.9155042,N,Y,N,N,N,Y,Y
720,민간,강원특별자치도,3,37.30879789,127.9274872827,Y,Y,N,Y,Y,Y,Y
721,민간,강원특별자치도,3,37.29653575,127.79323381549999,N,Y,N,N,N,Y,Y
722,민간,강원특별자치도,3,37.3577627609,127.92796728200001,N,Y,N,Y,N,Y,Y
723,민간,강원특별자치도,2,37.36098602,127.9061313563,N,Y,N,N,N,Y,Y
724,민간,강원특별자치도,3,37.3449604602,127.9774203,N,Y,N,N,N,Y,Y
725,민간,강원특별자치도,3,37.3379307389,127.9846630566,N,Y,N,N,N,Y,Y
726,민간,충청남도,2,36.74841941,126.29239579999998,Y,Y,Y,Y,Y,Y,N
727,민간,충청남도,2,36.764094799999995,126.2875168,Y,Y,Y,Y,Y,Y,N
728,민간,충청남도,2,36.52326127,126.3445332,Y,Y,Y,Y,Y,Y,N
729,민간,충청남도,2,36.75654089,126.3324482,Y,Y,Y,Y,Y,Y,N
730,민간,충청남도,2,36.75392076,126.3305716,Y,Y,Y,Y,Y,Y,N
731,민간,경기도,2,37.21941512,127.5284219,N,Y,N,N,N,Y,N
732,민간,경기도,2,37.28541401,127.638803,N,Y,N,N,N,Y,Y
733,민간,경기도,2,37.30971191,127.64295659999999,N,Y,N,N,N,Y,Y
734,민간,경기도,2,37.21636095,127.5570163,N,Y,N,N,N,Y,Y
735,민간,경기도,2,37.234157200000006,127.57461950000001,N,Y,N,N,N,Y,Y
736,민간,경기도,2,37.28586668,127.61734059999999,N,Y,N,N,N,Y,Y
737,민간,경기도,2,37.27559705,127.56420940000001,N,Y,N,N,N,Y,Y
738,민간,경기도,2,37.20324009,127.5520365,N,Y,N,N,N,Y,Y
739,민간,경기도,2,37.2709799,127.6374092,N,Y,N,N,N,Y,Y
740,민간,경기도,2,37.28945669,127.648946,N,Y,N,N,N,Y,Y
741,민간,경기도,2,37.1987782609,127.54863509020001,N,Y,N,N,N,N,Y
742,민간,강원특별자치도,3,38.10256981,127.9819108,Y,Y,Y,Y,Y,N,N
743,민간,강원특별자치도,2,38.09221044,127.9959482,Y,Y,Y,Y,Y,N,N
744,공공,경기도,16,37.52459327,126.765054,Y,Y,Y,Y,Y,Y,Y
745,민간,경기도,3,37.517695399999994,126.7755446,N,Y,N,N,N,Y,Y
746,민간,경기도,4,37.52624406,126.7717838,N,Y,N,N,N,Y,Y
747,민간,경기도,4,37.50444408,126.787145,N,Y,N,N,N,Y,Y
748,민간,경기도,4,37.53128966,126.78922109999999,N,Y,N,N,N,Y,Y
749,민간,경기도,4,37.51030252,126.77524270000002,N,Y,N,N,N,Y,Y
750,민간,경기도,4,37.5008557,126.78697549999998,N,Y,N,N,N,Y,Y
751,민간,경기도,4,37.53876848,126.8209908,N,Y,N,N,N,Y,Y
752,민간,경기도,4,37.52939961,126.76149009999999,N,Y,N,N,N,Y,Y
753,민간,경기도,3,37.5294286,126.76641090000001,N,Y,N,N,N,Y,Y
754,민간,경기도,4,37.52533787,126.7724604,N,Y,N,N,N,Y,Y
755,민간,경기도,3,37.52197035,126.768771,N,Y,N,N,N,Y,Y
756,민간,경기도,4,37.52386992,126.7714962,N,Y,N,N,N,Y,Y
757,민간,경기도,3,37.504379,126.7943186,N,Y,N,N,N,Y,Y
758,민간,전라남도,0,34.75388712,125.92708130000001,Y,Y,N,N,Y,N,N
759,민간,전라남도,0,35.05913283,126.219376,Y,Y,N,N,Y,N,N
760,민간,전라남도,0,34.68926038,125.96519509999999,Y,Y,N,N,Y,N,N
761,민간,전라남도,0,34.82695448,126.1133463,Y,Y,N,N,Y,N,N
762,민간,전라남도,0,35.059018,126.24093300000001,Y,Y,N,N,Y,N,N
763,민간,전라남도,4,34.92676975,127.6859472,N,Y,N,N,N,Y,N
764,민간,전라남도,3,34.96508242,127.550555,N,Y,N,Y,N,Y,Y
765,민간,전라남도,3,34.94362544,127.60640500000001,N,Y,Y,N,N,Y,Y
766,민간,전라남도,3,34.941148999999996,127.750638,Y,Y,N,N,N,Y,Y
767,민간,전라남도,3,34.980765000000005,127.71141899999999,Y,Y,N,N,N,Y,Y
768,민간,전라남도,2,34.96536882,127.72533500000002,N,Y,N,N,N,Y,Y
769,민간,전라남도,3,34.94824778,127.67599609999999,Y,Y,Y,Y,N,Y,Y
770,민간,전라남도,2,34.94664356,127.67572949999999,Y,Y,N,N,N,Y,Y
771,민간,전라남도,2,34.94843878,127.6774034,Y,Y,N,N,N,Y,N
772,민간,전라남도,3,34.935361,127.74590400000001,Y,Y,N,N,N,Y,Y
773,민간,전라남도,2,34.96596966,127.5598375,N,Y,N,N,N,Y,Y
774,민간,전라남도,3,34.963809000000005,127.5823895,N,Y,N,N,N,Y,Y
775,민간,광주광역시,3,35.15502268,126.8381549,Y,Y,N,N,Y,Y,Y
776,민간,광주광역시,3,35.16109213,126.8646665,N,Y,N,N,Y,Y,Y
777,민간,광주광역시,2,35.15968279,126.84525929999998,Y,Y,N,N,Y,Y,N
778,민간,광주광역시,3,35.12883357,126.84325179999999,Y,Y,N,N,Y,Y,Y
779,민간,광주광역시,4,35.15533498,126.8378064,N,Y,N,N,N,Y,Y
780,민간,광주광역시,3,35.11282625,126.85031995940001,N,Y,N,N,N,Y,Y
781,민간,광주광역시,2,35.12669173,126.84260719999999,N,Y,N,N,N,Y,Y
782,민간,경상남도,1,35.5206649019,127.7315013436,Y,Y,N,Y,Y,N,Y
783,민간,경상남도,1,35.510601,127.72762212059999,Y,Y,Y,Y,N,N,Y
784,민간,경상남도,1,35.525754115,127.77144897299999,Y,Y,Y,Y,Y,Y,N
785,민간,경상남도,1,35.081058399999996,127.73646670000001,N,Y,N,N,Y,N,N
786,민간,경상남도,1,35.01989443,127.90082679999999,N,Y,N,N,Y,N,N
787,민간,경상남도,1,35.08788718,127.7328544,N,Y,N,N,Y,N,N
788,민간,경상남도,1,35.07904114,127.7800969,N,Y,N,N,Y,N,N
789,민간,경상남도,1,35.0792218,127.78040190000002,N,Y,N,Y,Y,N,N
790,민간,경상남도,1,34.9888768,127.8023243,N,Y,N,Y,Y,N,N
791,민간,경상남도,1,34.997419733899996,127.8026549482,N,Y,N,Y,Y,N,N
792,민간,강원특별자치도,1,37.76636694,128.92265279999998,N,Y,N,N,N,N,N
793,민간,강원특별자치도,1,37.76433970000001,128.9385967,N,Y,N,N,N,N,N
794,민간,강원특별자치도,2,37.76533494,128.9212752,N,Y,N,N,N,N,N
795,민간,강원특별자치도,1,37.76467792,128.9197262,N,Y,N,N,N,N,N
796,민간,강원특별자치도,2,37.76920354,128.934277,N,Y,N,N,N,N,N
797,민간,강원특별자치도,1,37.8771252,128.8221652,N,Y,N,N,N,N,N
798,민간,강원특별자치도,1,37.88795031,128.826865,N,Y,N,N,N,N,N
799,민간,강원특별자치도,2,37.77614132,128.8865402,N,Y,N,N,N,N,N
800,민간,강원특별자치도,1,37.76526508,128.9206869,N,Y,N,N,N,N,Y
801,민간,서울특별시,5,37.5670727958,126.84315599889999,N,Y,N,N,N,N,Y
802,민간,서울특별시,6,37.5690978899,126.8406799375,N,Y,N,N,N,N,Y
803,민간,서울특별시,4,37.5621657429,126.85212237709999,N,Y,N,N,N,N,Y
804,민간,서울특별시,5,37.5458620417,126.82191381870001,N,Y,N,N,N,N,Y
805,민간,서울특별시,3,37.542142999999996,126.817333,N,Y,N,N,N,N,Y
806,민간,서울특별시,5,37.5592702348,126.85816291959999,N,Y,N,N,N,N,Y
807,민간,서울특별시,5,37.567101551,126.8433018417,N,Y,N,N,N,N,Y
808,민간,강원특별자치도,0,38.05811829,128.1629265,Y,Y,N,N,N,N,N
809,민간,강원특별자치도,0,38.0842486,128.18293329999997,Y,Y,N,N,N,N,N
810,민간,강원특별자치도,0,38.05886015,128.1636835,Y,Y,N,N,N,N,N
811,민간,강원특별자치도,0,38.06817264,128.17320959999998,Y,Y,N,N,N,N,N
812,민간,강원특별자치도,0,38.13252347,128.224223,Y,Y,N,N,N,N,N
813,민간,강원특별자치도,0,37.4943122,129.1120156,Y,Y,Y,N,Y,Y,N
814,민간,강원특별자치도,0,37.49292991,129.1240565,Y,Y,Y,N,Y,Y,N
815,민간,강원특별자치도,0,37.50484179,129.1259629,Y,Y,Y,N,Y,Y,N
816,민간,강원특별자치도,0,37.54088458,129.1102974,Y,Y,Y,N,Y,Y,N
817,민간,강원특별자치도,0,37.48428277,129.06391770000002,Y,Y,Y,N,Y,Y,N
818,민간,강원특별자치도,3,38.16365277,127.31542160000001,Y,Y,N,Y,Y,N,N
819,민간,강원특별자치도,2,38.21048035,127.22287539999999,Y,Y,N,N,Y,N,Y
